[
    {
        "declarations-specifiers": [
            {
                "type": "storage-specifer",
                "lexeme": "typedef"
            },
            {
                "type": "type-specifier",
                "lexeme": "char"
            }
        ],
        "init-declarator-list": [
            {
                "declarator": {
                    "pointer": [
                        { "type-qualifier-list": [] },
                        {
                            "type-qualifier-list": [
                                {
                                    "type": "type-qualifier",
                                    "lexeme": "_auto"
                                }
                            ]
                        }
                    ],
                    "direct-declarator": { "identifier": "String" }
                }
            }
        ]
    },
    {
        "declarations-specifiers": [
            {
                "type": "storage-specifer",
                "lexeme": "typedef"
            },
            {
                "type:": "struct-specifier",
                "name": "(null)",
                "struct-declaration-list": [
                    {
                        "specifier-qualifier-list": [
                            {
                                "type": "type-specifier",
                                "lexeme": "String"
                            }
                        ],
                        "declarators": [
                            {
                                "declarator": {
                                    "pointer": [],
                                    "direct-declarator": { "identifier": "Name" }
                                }
                            }
                        ]
                    },
                    {
                        "specifier-qualifier-list": [
                            {
                                "type": "type-specifier",
                                "lexeme": "int"
                            }
                        ],
                        "declarators": [
                            {
                                "declarator": {
                                    "pointer": [],
                                    "direct-declarator": { "identifier": "age" }
                                }
                            }
                        ]
                    }
                ]
            }
        ],
        "init-declarator-list": [
            {
                "declarator": {
                    "pointer": [],
                    "direct-declarator": { "identifier": "Person" }
                }
            }
        ]
    },
    {
        "declarations-specifiers": [
            {
                "type": "type-specifier",
                "lexeme": "void"
            }
        ],
        "init-declarator-list": [
            {
                "declarator": {
                    "pointer": [],
                    "direct-declarator": {
                        "identifier": "Person_Destroy",
                        "parameter-type-list": [
                            {
                                "declarations-specifiers": [
                                    {
                                        "type": "type-specifier",
                                        "lexeme": "Person"
                                    }
                                ],
                                "declarator": {
                                    "pointer": [ { "type-qualifier-list": [] } ],
                                    "direct-declarator": { "identifier": "person" }
                                }
                            }
                        ]
                    }
                }
            }
        ]
    },
    {
        "declarations-specifiers": [
            {
                "type": "type-specifier",
                "lexeme": "int"
            }
        ],
        "init-declarator-list": [
            {
                "declarator": {
                    "pointer": [],
                    "direct-declarator": {
                        "identifier": "main",
                        "parameter-type-list": []
                    }
                }
            }
        ],
        "compound-statement": [
            {
                "declarations-specifiers": [
                    {
                        "type": "type-specifier",
                        "lexeme": "Person"
                    }
                ],
                "init-declarator-list": [
                    {
                        "declarator": {
                            "pointer": [],
                            "direct-declarator": { "identifier": "person" }
                        },
                        "initializer": [ {} ]
                    }
                ]
            },
            {
                "expression-statement": {
                    "postfix": {
                        "l": { "lexeme": "Person_Destroy" },
                        "r": {
                            "expr": { "lexeme": "person" },
                            "unary": "&"
                        },
                        "op": "("
                    }
                }
            },
            {
                "type": "jump-statement"
                "statement": { "lexeme": "0" }
            }
        ]
    },
]